{
  "version": 2,
  "lastKnownName": "Dragovich",
  "lastLogin": 1561744386113,
  "lastLogout": 1561745759894,
  "lastIP": "/25.88.252.229",
  "firstJoin": 1560967845693,
  "startedFirstJoin": false,
  "isFrozen": false,
  "jailOnNextLogin": false,
  "fly": true,
  "invulnerable": true,
  "vanish": false,
  "user-prefs": {
    "nucleus:command-spy": true
  },
  "lastLocation": {
    "x": -367.1419379889222,
    "y": 64.5625,
    "z": 588.4347046159622,
    "rotx": 0.0,
    "roty": 0.0,
    "rotz": 0.0,
    "world": "0c1d8062-7a17-4484-897d-31b4f44a4e8f"
  },
  "homes": {
    "kek": {
      "x": -220.3657819246707,
      "y": 60,
      "z": 466.6828810257041,
      "rotx": 20.700824737548828,
      "roty": -35.1029052734375,
      "rotz": 0,
      "world": "0c1d8062-7a17-4484-897d-31b4f44a4e8f"
    },
    "archi": {
      "x": -295.9495634903729,
      "y": 93,
      "z": 387.69999998807907,
      "rotx": 8.24991512298584,
      "roty": 206.39825439453125,
      "rotz": 0,
      "world": "0c1d8062-7a17-4484-897d-31b4f44a4e8f"
    },
    "aa": {
      "x": -362.6972396391639,
      "y": 64,
      "z": 584.1311647293281,
      "rotx": 11.849720001220703,
      "roty": 74.62802124023438,
      "rotz": 0,
      "world": "0c1d8062-7a17-4484-897d-31b4f44a4e8f"
    },
    "home": {
      "x": -363.16905927424057,
      "y": 64,
      "z": 585.3240996284558,
      "rotx": 11.099930763244629,
      "roty": -258.24456787109375,
      "rotz": 0,
      "world": "0c1d8062-7a17-4484-897d-31b4f44a4e8f"
    },
    "hard": {
      "x": -395.9214297149254,
      "y": 97,
      "z": -628.2689987025224,
      "rotx": 6.900179862976074,
      "roty": 88.3531494140625,
      "rotz": 0,
      "world": "0c1d8062-7a17-4484-897d-31b4f44a4e8f"
    },
    "selo2": {
      "x": -515.0564583878975,
      "y": 72,
      "z": 153.6651649804708,
      "rotx": 32.2497444152832,
      "roty": -77.93487548828125,
      "rotz": 0,
      "world": "0c1d8062-7a17-4484-897d-31b4f44a4e8f"
    },
    "andrey": {
      "x": -640.6612491716328,
      "y": 70,
      "z": 486.8898826535151,
      "rotx": 13.650054931640625,
      "roty": 342.65411376953125,
      "rotz": 0,
      "world": "0c1d8062-7a17-4484-897d-31b4f44a4e8f"
    }
  },
  "warnings": [],
  "mail": [],
  "notes": [],
  "powertools": {}
}
