{
  "version": 2,
  "invulnerable": false,
  "fly": false,
  "isFrozen": false,
  "lastKnownName": "COCISKA",
  "lastLogin": 1561310735162,
  "lastLogout": 1561311119940,
  "lastIP": "/25.76.137.2",
  "firstJoin": 1561136381768,
  "startedFirstJoin": false,
  "jailOnNextLogin": false,
  "vanish": false,
  "lastLocation": {
    "x": -803.9598183196988,
    "y": 71.0,
    "z": 483.78314699345816,
    "rotx": 0.0,
    "roty": 0.0,
    "rotz": 0.0,
    "world": "0c1d8062-7a17-4484-897d-31b4f44a4e8f"
  },
  "homes": {
    "h1": {
      "x": 175.82053697823503,
      "y": 22.0,
      "z": 82.16933110877966,
      "rotx": 13.349964141845703,
      "roty": -336.008056640625,
      "rotz": 0.0,
      "world": "fd0de647-25b0-47be-a637-a5aad3b134c6"
    },
    "a1": {
      "x": -375.6375564000639,
      "y": 68.9375,
      "z": 532.5883471318149,
      "rotx": 26.700408935546875,
      "roty": -165.38873291015625,
      "rotz": 0.0,
      "world": "0c1d8062-7a17-4484-897d-31b4f44a4e8f"
    },
    "zombi": {
      "x": -509.7011858917949,
      "y": 79.0,
      "z": 464.08831930921696,
      "rotx": 32.2503547668457,
      "roty": -9.5406494140625,
      "rotz": 0.0,
      "world": "0c1d8062-7a17-4484-897d-31b4f44a4e8f"
    },
    "home": {
      "x": -590.7595218743975,
      "y": 69.0,
      "z": 516.7754247526884,
      "rotx": 23.099973678588867,
      "roty": -34.74228286743164,
      "rotz": 0.0,
      "world": "0c1d8062-7a17-4484-897d-31b4f44a4e8f"
    },
    "home1": {
      "x": -901.797620649811,
      "y": 69.0,
      "z": 512.6181154266744,
      "rotx": 21.599979400634766,
      "roty": -338.1926574707031,
      "rotz": 0.0,
      "world": "0c1d8062-7a17-4484-897d-31b4f44a4e8f"
    }
  },
  "powertools": {},
  "warnings": [],
  "notes": [],
  "mail": []
}
